"Fecha","Persona","Comercio","Grupo","Descripcion","Monto"
"2025-01-02 20:01","Casa","Pali","Limpieza","Desinfectante","2980"
"2025-01-03 16:45","Casa","Pali","Carnes","Huevos","3145"
"2025-01-03 16:45","Casa","Pali","Lacteos","Natilla","2720"
"2025-01-03 16:45","Casa","Pali","Limpieza","Desengrasante","1980"
"2025-01-06 12:12","Mari","Pali","Personal","Acondicionador","2800"
"2025-01-06 12:12","Mari","Pali","Personal","Desodorante","720"
"2025-01-06 12:12","Mari","Pali","Personal","Shampoo","2800"
"2025-01-06 12:12","Casa","Pali","Limpieza","Esponjas Cocina","1020"
"2025-01-07 13:27","Casa","Pali","Carnes","Salchichon","1420"
"2025-01-07 13:27","Casa","Pali","Harinas","Tortilla Trigo","1320"
"2025-01-07 13:27","Casa","Pali","Limpieza","Jabon Lavaplatos","660"
"2025-01-09 09:50","Casa","Pali","Bebidas","Cafe Volio","3500"
"2025-01-09 09:50","Casa","Pali","Vegetales","Cebolla","1066"
"2025-01-09 09:50","Casa","Pali","Vegetales","Culantro","170"
"2025-01-09 09:50","Casa","Pali","Vegetales","Vainicas","1100"
"2025-01-10 19:40","Casa","Pali","Granos","Arroz","3560"
"2025-01-10 19:40","Casa","Pali","Granos","Frijoles Molidos","1240"
"2025-01-10 19:40","Casa","Pali","Harinas","Tortilla Trigo","1320"
"2025-01-15 12:13","Casa","Pali","Carnes","Salchichon","1960"
"2025-01-15 12:13","Casa","Pali","Lacteos","Natilla","1500"
"2025-01-15 12:13","Casa","Pali","Limpieza","Toalla Cocina","1000"
"2025-01-17 12:03","Andres","Pali","Personal","Pasta Dientes","600"
"2025-01-17 12:03","Casa","Pali","Harinas","Tortilla Maiz","920"
"2025-01-17 12:03","Casa","Pali","Lacteos","Leche","670"
"2025-01-17 17:26","Casa","Pali","Harinas","Galletas Dulces","2110"
"2025-01-17 17:26","Casa","Pali","Harinas","Pan","1580"
"2025-01-17 17:26","Casa","Pali","Vegetales","Ayote","1354"
"2025-01-17 17:26","Casa","Pali","Vegetales","Repollo","431"
"2025-01-17 17:26","Casa","Pali","Vegetales","Vainicas","2980"
"2025-01-18 18:46","Casa","Pali","Bebidas","Cafe Volio","3500"
"2025-01-18 18:46","Casa","Pali","Carnes","Carne Molida","790"
"2025-01-18 18:46","Casa","Pali","Salsas","Congo","930"
"2025-01-18 18:46","Casa","Pali","Vegetales","Cebolla","279"
"2025-01-18 18:46","Casa","Pali","Vegetales","Chile Dulce","360"
"2025-01-18 18:46","Casa","Pali","Vegetales","Papas","3270"
"2025-01-20 12:56","Casa","Pali","Bebidas","Jugo Naranja","1950"
"2025-01-20 12:56","Casa","Pali","Lacteos","Natilla","1180"
"2025-01-21 14:05","Casa","Pali","Bebidas","Bamboo","1450"
"2025-01-21 14:05","Casa","Pali","Carnes","Bistec","2940"
"2025-01-21 14:05","Casa","Pali","Harinas","Pan","925"
"2025-01-21 14:05","Casa","Pali","Lacteos","Leche","720"
"2025-01-22 08:59","Andres","Pali","Personal","Jabon Cuerpo","1980"
"2025-01-22 08:59","Casa","Pali","Limpieza","Cloro","850"
"2025-01-22 08:59","Casa","Pali","Limpieza","Desinfectante","2870"
"2025-01-22 08:59","Casa","Pali","Limpieza","Papel Higienico","2500"
"2025-01-22 08:59","Casa","Pali","Vegetales","Tomate","900"
"2025-01-22 12:35","Casa","Pali","Carnes","Jamon","1760"
"2025-01-22 12:35","Casa","Pali","Harinas","Tortilla Trigo","660"
"2025-01-22 12:35","Casa","Pali","Lacteos","Queso Fresco","2550"
"2025-01-23 17:09","Casa","Pali","Carnes","Carne Molida","1580"
"2025-01-23 17:09","Casa","Pali","Salsas","Naturas","210"
"2025-01-24 19:57","Casa","Pali","Bebidas","Bamboo","820"
"2025-01-24 19:57","Casa","Pali","Bebidas","Smirnoff","2120"
"2025-01-25 15:18","Casa","Pali","Granos","Azucar","1790"
"2025-01-25 15:18","Casa","Pali","Harinas","Pan","1580"
"2025-01-25 15:18","Casa","Pali","Lacteos","Natilla","1360"
"2025-01-25 15:18","Casa","Pali","Lacteos","Queso Fresco","1400"
"2025-01-25 15:18","Casa","Pali","Limpieza","Desengrasante","1980"
"2025-01-27 09:05","Casa","Pali","Carnes","Huevos","2954"
"2025-01-28 15:23","Andres","Pali","Personal","Cepillos dientes","890"
"2025-01-28 15:23","Casa","Pali","Carnes","Salchichon","1660"
"2025-01-28 15:23","Casa","Pali","Harinas","Galletas Dulces","1460"
"2025-01-28 15:23","Casa","Pali","Harinas","Tortilla Trigo","1320"
"2025-01-30 15:05","Casa","Pali","Carnes","Carne Molida","3900"
"2025-01-30 15:05","Casa","Pali","Carnes","Huevos","3259"
"2025-01-30 15:05","Casa","Pali","Granos","Frijoles Rojos","1650"
"2025-01-30 15:05","Casa","Pali","Granos","Frijoles Rojos","1450"
"2025-01-30 15:05","Casa","Pali","Granos","Friojles Blancos","1720"
"2025-01-30 15:05","Casa","Pali","Granos","Garbanzos","490"
"2025-01-30 15:05","Casa","Pali","Granos","Lentejas","1660"
"2025-01-30 15:05","Casa","Pali","Harinas","Galletas Dulces","1290"
"2025-01-30 15:05","Casa","Pali","Lacteos","Queso Amarillo","1300"
"2025-01-30 15:05","Casa","Pali","Limpieza","Detergente","750"
"2025-01-30 15:05","Casa","Pali","Limpieza","Suavizante","2250"
"2025-01-30 15:05","Casa","Pali","Salsas","Rosada","1080"
"2025-01-30 15:05","Casa","Pali","Vegetales","Cebolla","397"
"2025-01-30 15:05","Casa","Pali","Vegetales","Chile Dulce","360"
"2025-01-30 15:05","Casa","Pali","Vegetales","Culantro","160"
"2025-02-03 16:09","Casa","Pali","Carnes","Tortas Pollo","2720"
"2025-02-03 16:09","Casa","Pali","Lacteos","Leche","650"
"2025-02-04 12:35","Casa","Pali","Lacteos","Margarina","2740"
"2025-02-04 15:33","Casa","Pali","Bebidas","Cafe Volio","7000"
"2025-02-04 15:33","Casa","Pali","Lacteos","Queso Crema","1920"
"2025-02-04 15:33","Casa","Pali","Salsas","Naturas","890"
"2025-02-07 08:56","Casa","Pali","Carnes","Carne Molida","1800"
"2025-02-07 08:56","Casa","Pali","Harinas","Harina","950"
"2025-02-07 14:03","Casa","Pali","Dulces","Helados","3300"
"2025-02-10 13:05","Casa","Pali","Harinas","Tortilla Trigo","1380"
"2025-02-10 13:05","Casa","Pali","Lacteos","Yogurt","2100"
"2025-02-10 13:05","Casa","Pali","Vegetales","Chile Dulce","660"
"2025-02-10 13:05","Casa","Pali","Vegetales","Manga","1400"
"2025-02-10 13:05","Casa","Pali","Vegetales","Papaya","1372"
"2025-02-10 13:05","Casa","Pali","Vegetales","Sandia","1030"
"2025-02-12 13:42","Casa","Bazar Magy","Limpieza","Cloro","1000"
"2025-02-12 13:42","Casa","Bazar Magy","Limpieza","Desinfectante","1100"
"2025-02-12 13:42","Casa","Bazar Magy","Limpieza","Jabon Lavaplatos","2100"
"2025-02-12 15:05","Casa","Pali","Lacteos","Leche","690"
"2025-02-12 15:05","Casa","Pali","Vegetales","Fresas","1390"
"2025-02-13 11:30","Casa","Pali","Carnes","Huevos","1333"
"2025-02-13 11:30","Casa","Pali","Harinas","Panqueques","390"
"2025-02-13 11:30","Casa","Pali","Harinas","Spaguetti","460"
"2025-02-13 18:29","Casa","Bazar Magy","Limpieza","Desengrasante","2500"
"2025-02-13 19:00","Casa","Pali","Enlatados","Atun Agua","1800"
"2025-02-13 19:00","Casa","Pali","Harinas","Caracolitos","570"
"2025-02-14 15:11","Casa","Pali","Carnes","Carne Molida","1800"
"2025-02-14 15:11","Casa","Pali","Enlatados","Atun Agua","2590"
"2025-02-14 15:11","Casa","Pali","Harinas","Galletas Dulces","1840"
"2025-02-14 15:11","Casa","Pali","Harinas","Panqueques","390"
"2025-02-14 15:11","Casa","Pali","Vegetales","Ayote","527"
"2025-02-14 15:11","Casa","Pali","Vegetales","Camote","1278"
"2025-02-14 15:11","Casa","Pali","Vegetales","Lechuga","240"
"2025-02-14 15:11","Casa","Pali","Vegetales","Melon","556"
"2025-02-14 15:11","Casa","Pali","Vegetales","Tomate","811"
"2025-02-14 15:11","Casa","Pali","Vegetales","Vainicas","1160"
"2025-02-14 15:11","Casa","Pali","Vegetales","Zanahoria","225"
"2025-02-18 17:28","Andres","Pali","Personal","Pasta Dientes","690"
"2025-02-18 17:28","Casa","Pali","Bebidas","Te","1170"
"2025-02-18 17:28","Casa","Pali","Bebidas","Te","620"
"2025-02-18 17:28","Casa","Pali","Carnes","Costillas","3891"
"2025-02-18 17:28","Casa","Pali","Carnes","Huevos","1272"
"2025-02-18 17:28","Casa","Pali","Carnes","Jamon","2200"
"2025-02-18 17:28","Casa","Pali","Carnes","Salchichas","1150"
"2025-02-18 17:28","Casa","Pali","Dulces","Gelatina","1400"
"2025-02-18 17:28","Casa","Pali","Dulces","Gelatina","480"
"2025-02-18 17:28","Casa","Pali","Harinas","Galletas Sodas","1000"
"2025-02-18 17:28","Casa","Pali","Harinas","Pan","1350"
"2025-02-18 17:28","Casa","Pali","Harinas","Panqueques","780"
"2025-02-18 17:28","Casa","Pali","Lacteos","Queso Amarillo","1560"
"2025-02-18 17:28","Casa","Pali","Lacteos","Yogurt","620"
"2025-02-18 17:28","Casa","Pali","Vegetales","Cebolla","910"
"2025-02-18 17:28","Casa","Pali","Vegetales","Chile Dulce","990"
"2025-02-18 17:28","Casa","Pali","Vegetales","Culantro","190"
"2025-02-18 17:28","Casa","Pali","Vegetales","Elote","550"
"2025-02-18 17:28","Casa","Pali","Vegetales","Limones","1220"
"2025-02-18 17:28","Casa","Pali","Vegetales","Papas","2223"
"2025-02-18 17:28","Casa","Pali","Vegetales","Tiquisque","899"
"2025-02-18 17:28","Casa","Pali","Vegetales","Yuca","398"
"2025-02-19 12:48","Casa","Pali","Vegetales","Apio","898"
"2025-02-19 12:48","Casa","Pali","Vegetales","Cebolla","623"
"2025-02-19 12:48","Casa","Pali","Vegetales","Chile Dulce","330"
"2025-02-20 13:04","Casa","Pali","Bebidas","Jugo Naranja","1800"
"2025-02-20 13:04","Casa","Pali","Harinas","Galletas Sodas","730"
"2025-02-20 13:04","Casa","Pali","Lacteos","Leche","690"
"2025-02-20 13:04","Casa","Pali","Lacteos","Mantequilla","1240"
"2025-02-20 13:04","Casa","Pali","Limpieza","Baygon","2100"
"2025-02-20 13:04","Casa","Pali","Limpieza","Toalla Cocina","950"
"2025-02-21 19:08","Casa","Pali","Granos","Azucar","1820"
"2025-02-21 19:08","Casa","Pali","Limpieza","Desinfectante","430"
"2025-02-24 15:27","Casa","Pali","Bebidas","Cafe Volio","3890"
"2025-02-24 15:27","Casa","Pali","Carnes","Tilapia","2600"
"2025-02-24 15:27","Casa","Pali","Lacteos","Natilla","2360"
"2025-02-24 15:27","Casa","Pali","Lacteos","Queso Crema","1430"
"2025-02-24 15:27","Casa","Pali","Limpieza","Cloro","540"
"2025-02-24 15:27","Casa","Pali","Limpieza","Jabon Lavaplatos","900"
"2025-02-24 15:27","Casa","Pali","Limpieza","Papel Higienico","5180"
"2025-02-24 15:27","Casa","Pali","Salsas","Congo","970"
"2025-02-24 15:27","Casa","Pali","Salsas","Lizano","650"
"2025-02-24 15:27","Casa","Pali","Vegetales","Lechuga","240"
"2025-02-24 15:27","Casa","Pali","Vegetales","Tomate","982"
"2025-02-24 17:50","Casa","Pali","Enlatados","Atun Agua","1940"
"2025-02-24 17:50","Casa","Pali","Enlatados","Atun Vegetales","1940"
"2025-02-24 17:50","Casa","Pali","Vegetales","Limones","1240"
"2025-03-01 10:29","Casa","Pali","Bebidas","Te","1280"
"2025-03-01 10:29","Casa","Pali","Carnes","Huevos","1414"
"2025-03-01 10:29","Casa","Pali","Harinas","Galletas Dulces","1170"
"2025-03-01 10:29","Casa","Pali","Harinas","Galletas Dulces","1900"
"2025-03-01 10:29","Casa","Pali","Harinas","Galletas Dulces","2000"
"2025-03-01 10:29","Casa","Pali","Harinas","Panqueques","1170"
"2025-03-01 10:29","Casa","Pali","Vegetales","Fresas","1390"
"2025-03-01 10:29","Casa","Pali","Vegetales","Manga","770"
"2025-03-01 10:29","Casa","Pali","Vegetales","Tiquisque","2170"
"2025-03-01 10:29","Casa","Pali","Vegetales","Tomate","1782"
"2025-03-01 10:29","Casa","Pali","Vegetales","Vainicas","950"
"2025-03-01 10:29","Casa","Pali","Vegetales","Zanahoria","506"
"2025-03-02 10:30","Casa","Pali","Bebidas","Gingerale","2310"
"2025-03-02 10:30","Casa","Pali","Carnes","Carne Molida","820"
"2025-03-02 10:30","Casa","Pali","Harinas","Galletas Dulces","950"
"2025-03-02 10:30","Casa","Pali","Harinas","Galletas Sodas","411"
"2025-03-02 10:30","Casa","Pali","Harinas","Tortilla Maiz","830"
"2025-03-02 10:30","Casa","Pali","Vegetales","Uvas","1950"
"2025-03-04 13:53","Casa","Pali","Bebidas","Jugo Naranja","1800"
"2025-03-08 14:08","Casa","Pali","Carnes","Huevos","3116"
"2025-03-08 14:08","Casa","Pali","Enlatados","Atun Agua","1800"
"2025-03-08 14:08","Casa","Pali","Enlatados","Maiz Dulce","400"
"2025-03-08 14:08","Casa","Pali","Harinas","Spaguetti","830"
"2025-03-08 14:08","Casa","Pali","Limpieza","Baygon","2100"
"2025-03-08 14:08","Casa","Pali","Limpieza","Baygon","2100"
"2025-03-13 11:00","Casa","Pali","Bebidas","Tropical","500"
"2025-03-13 11:00","Casa","Pali","Carnes","Bistec","2513"
"2025-03-13 11:00","Casa","Pali","Carnes","Carne Molida","1900"
"2025-03-13 11:00","Casa","Pali","Lacteos","Leche","670"
"2025-03-13 11:00","Casa","Pali","Lacteos","Margarina","1350"
"2025-03-13 11:00","Casa","Pali","Lacteos","Natilla","2360"
"2025-03-13 11:00","Casa","Pali","Vegetales","Culantro Coyote","190"
"2025-03-13 11:00","Casa","Pali","Vegetales","Lechuga","180"
"2025-03-13 23:43","Casa","Bazar Magy","Limpieza","Controlador Olores","2600"
"2025-03-15 10:37","Andres","Pali","Personal","Desodorante","4420"
"2025-03-15 10:37","Mari","Pali","Personal","Pasta Dientes","2800"
"2025-03-16 19:00","Mari","Pali","Personal","Jabon Neutro","3000"
"2025-03-17 17:40","Casa","Pali","Bebidas","Jugo Naranja","1900"
"2025-03-17 17:40","Casa","Pali","Carnes","Carne Molida","1900"
"2025-03-17 17:40","Casa","Pali","Carnes","Chuletas","3450"
"2025-03-17 17:40","Casa","Pali","Carnes","Huevos","1492"
"2025-03-17 17:40","Casa","Pali","Carnes","Pechulla Pollo","1760"
"2025-03-17 17:40","Casa","Pali","Carnes","Tilapia","2600"
"2025-03-17 17:40","Casa","Pali","Dulces","Helados","2200"
"2025-03-17 17:40","Casa","Pali","Granos","Frijoles Rojos","1640"
"2025-03-17 17:40","Casa","Pali","Harinas","Panqueques","1170"
"2025-03-17 17:40","Casa","Pali","Lacteos","Leche","670"
"2025-03-17 17:40","Casa","Pali","Lacteos","Queso Amarillo","1370"
"2025-03-17 17:40","Casa","Pali","Lacteos","Queso Fresco","1600"
"2025-03-17 17:40","Casa","Pali","Lacteos","Queso Mozarella","2090"
"2025-03-17 17:40","Casa","Pali","Vegetales","Ajo","240"
"2025-03-17 17:40","Casa","Pali","Vegetales","Chile Dulce","840"
"2025-03-17 17:40","Casa","Pali","Vegetales","Culantro","160"
"2025-03-17 17:40","Casa","Pali","Vegetales","Lechuga","180"
"2025-03-17 17:40","Casa","Pali","Vegetales","Zanahoria","401"
"2025-03-20 11:17","Casa","Pali","Enlatados","Atun Vegetales","1000"
"2025-03-20 11:17","Casa","Pali","Harinas","Panqueques","780"
"2025-03-20 11:17","Casa","Pali","Lacteos","Natilla","2580"
"2025-03-20 11:17","Casa","Pali","Lacteos","Yogurt","2020"
"2025-03-20 11:17","Casa","Pali","Limpieza","Baygon","2000"
"2025-03-20 11:17","Casa","Pali","Limpieza","Papel Higienico","5640"
"2025-03-20 11:17","Casa","Pali","Vegetales","Camote","1187"
"2025-03-23 18:36","Andres","Pali","Personal","Pasta Dientes","710"
"2025-03-23 18:36","Casa","Pali","Bebidas","Cafe Volio","4390"
"2025-03-23 18:36","Casa","Pali","Bebidas","Te","550"
"2025-03-23 18:36","Casa","Pali","Carnes","Carne Molida","1900"
"2025-03-23 18:36","Casa","Pali","Carnes","Huevos","1369"
"2025-03-23 18:36","Casa","Pali","Harinas","Tortilla Trigo","690"
"2025-03-23 18:36","Casa","Pali","Lacteos","Leche","690"
"2025-03-23 18:36","Casa","Pali","Vegetales","Papas","2082"
"2025-03-24 08:42","Andres","Pali","Personal","Enjuage Bucal","3830"
"2025-03-24 08:42","Casa","Pali","Harinas","Galletas Sodas","1100"
"2025-03-25 15:05","Casa","Pali","Bebidas","Te","660"
"2025-03-25 15:05","Casa","Pali","Carnes","Jamon","2380"
"2025-03-25 15:05","Casa","Pali","Dulces","Helados","3050"
"2025-03-25 15:05","Casa","Pali","Harinas","Galletas Dulces","1400"
"2025-03-25 15:05","Casa","Pali","Harinas","Galletas Dulces","2060"
"2025-03-25 15:05","Casa","Pali","Harinas","Galletas Sodas","1480"
"2025-03-25 15:05","Casa","Pali","Vegetales","Ajo","230"
"2025-03-27 09:46","Casa","Pali","Bebidas","Te","1210"
"2025-03-27 09:46","Casa","Pali","Carnes","Huevos","1558"
"2025-03-27 09:46","Casa","Pali","Enlatados","Leche Condensada","1000"
"2025-03-27 09:46","Casa","Pali","Granos","Arroz","3580"
"2025-03-27 09:46","Casa","Pali","Lacteos","Leche","690"
"2025-03-27 09:46","Casa","Pali","Lacteos","Queso Mozarella","2800"
"2025-03-27 09:46","Casa","Pali","Limpieza","Jabon Lavaplatos","930"
"2025-03-27 09:46","Casa","Pali","Limpieza","Vanish","1370"
"2025-03-27 09:46","Casa","Pali","Vegetales","Tomate","1007"
"2025-03-27 09:46","Casa","Pali","Vegetales","Yuca","988"
"2025-03-27 10:32","Casa","Bazar Magy","Limpieza","Cloro","2200"
"2025-03-27 10:32","Casa","Bazar Magy","Limpieza","Controlador Olores","2600"
"2025-03-29 13:28","Casa","Pali","Bebidas","Bamboo","1450"
"2025-03-29 13:28","Casa","Pali","Bebidas","Imperial","5000"
"2025-03-29 13:28","Casa","Pali","Bebidas","Tropical","1150"
"2025-04-03 19:38","Casa","Pali","Bebidas","Jugo Naranja","1900"
"2025-04-03 19:38","Casa","Pali","Carnes","Carne Molida","1950"
"2025-04-03 19:38","Casa","Pali","Carnes","Chuletas","1690"
"2025-04-03 19:38","Casa","Pali","Carnes","Trocitos Cerdo","2503"
"2025-04-03 19:38","Casa","Pali","Lacteos","Leche","660"
"2025-04-03 19:38","Casa","Pali","Lacteos","Natilla","1360"
"2025-04-03 19:38","Casa","Pali","Lacteos","Queso Fresco","1690"
"2025-04-03 19:38","Casa","Pali","Vegetales","Limones","1240"
"2025-04-05 10:54","Casa","Pali","Vegetales","Apio","995"
"2025-04-05 10:54","Casa","Pali","Vegetales","Culantro","340"
"2025-04-05 10:54","Casa","Pali","Vegetales","Culantro Coyote","360"
"2025-04-05 10:54","Casa","Pali","Vegetales","Papas","1546"
"2025-04-05 10:54","Casa","Pali","Vegetales","Yuca","283"
"2025-04-05 19:32","Andres","Pali","Personal","Jabon Cuerpo","1300"
"2025-04-05 19:32","Andres","Pali","Personal","Jabon Cuerpo","1430"
"2025-04-05 19:32","Casa","Pali","Carnes","Huevos","1558"
"2025-04-05 19:32","Casa","Pali","Granos","Azucar","1820"
"2025-04-05 19:32","Casa","Pali","Granos","Lentejas","860"
"2025-04-05 19:32","Casa","Pali","Harinas","Tortilla Trigo","1270"
"2025-04-05 19:32","Casa","Pali","Lacteos","Margarina","1270"
"2025-04-05 19:32","Casa","Pali","Lacteos","Queso Crema","1200"
"2025-04-05 19:32","Casa","Pali","Limpieza","Papel Higienico","2900"
"2025-04-05 19:32","Casa","Pali","Vegetales","Chile Dulce","460"
"2025-04-05 19:32","Casa","Pali","Vegetales","Culantro","340"
"2025-04-05 19:32","Casa","Pali","Vegetales","Lechuga","190"
"2025-04-05 19:32","Casa","Pali","Vegetales","Papaya","606"
"2025-04-05 19:32","Casa","Pali","Vegetales","Pi?a","450"
"2025-04-08 17:02","Casa","Pali","Bebidas","Cafe Volio","3920"
"2025-04-08 17:02","Casa","Pali","Bebidas","Imperial","920"
"2025-04-08 17:02","Casa","Pali","Harinas","Tortilla Maiz","830"
"2025-04-08 17:02","Casa","Pali","Harinas","Tortilla Trigo","617"
"2025-04-08 17:02","Casa","Pali","Limpieza","Bolsas","720"
"2025-04-09 14:02","Casa","Pali","Bebidas","Imperial","2760"
"2025-04-09 14:02","Casa","Pali","Carnes","Salchichon","2200"
"2025-04-09 19:32","Casa","Pali","Lacteos","Leche","660"
"2025-04-12 16:36","Casa","Pali","Bebidas","Bamboo","1450"
"2025-04-12 16:36","Casa","Pali","Bebidas","Imperial","5000"
"2025-04-12 16:36","Casa","Pali","Bebidas","Imperial","3680"
"2025-04-12 16:36","Casa","Pali","Bebidas","Imperial","5000"
"2025-04-12 16:36","Casa","Pali","Bebidas","Smirnoff","3450"
"2025-04-12 16:36","Casa","Pali","Carnes","Huevos","2977"
"2025-04-12 16:36","Casa","Pali","Carnes","Muslitos Pollo","1600"
"2025-04-12 16:36","Casa","Pali","Carnes","Salchichas","1000"
"2025-04-12 16:36","Casa","Pali","Carnes","Tortas Pollo","2780"
"2025-04-12 16:36","Casa","Pali","Dulces","Helados","3090"
"2025-04-12 16:36","Casa","Pali","Harinas","Tortilla Trigo","1380"
"2025-04-12 16:36","Casa","Pali","Lacteos","Queso Crema","1200"
"2025-04-12 16:36","Casa","Pali","Lacteos","Yogurt","1930"
"2025-04-12 16:36","Casa","Pali","Limpieza","Baygon","2990"
"2025-04-12 16:36","Casa","Pali","Salsas","Congo","720"
"2025-04-12 16:36","Casa","Pali","Salsas","Ketchup","920"
"2025-04-12 16:36","Casa","Pali","Salsas","Lizano","770"
"2025-04-12 16:36","Casa","Pali","Vegetales","Manzanas","1860"
"2025-04-16 10:48","Casa","Pali","Bebidas","Gingerale","650"
"2025-04-16 10:48","Casa","Pali","Carnes","Jamon","1260"
"2025-04-16 10:48","Casa","Pali","Enlatados","Hongos","1480"
"2025-04-16 10:48","Casa","Pali","Enlatados","Maiz Dulce","680"
"2025-04-16 10:48","Casa","Pali","Harinas","Harina","1300"
"2025-04-16 10:48","Casa","Pali","Lacteos","Mantequilla","950"
"2025-04-16 10:48","Casa","Pali","Lacteos","Queso Fresco","1550"
"2025-04-16 10:48","Casa","Pali","Lacteos","Queso Mozarella","1480"
"2025-04-16 10:48","Casa","Pali","Limpieza","Espumil","1280"
"2025-04-16 10:48","Casa","Pali","Salsas","Lizano","910"
"2025-04-16 10:48","Casa","Pali","Vegetales","Papas Congeladas","2320"
"2025-04-20 14:02","Andres","Walmart","Personal","Cepillos dientes","1980"
"2025-04-20 14:02","Andres","Walmart","Personal","Jabon Cuerpo","3600"
"2025-04-20 14:02","Mari","Walmart","Personal","Acondicionador","2800"
"2025-04-20 14:02","Mari","Walmart","Personal","Jabon Neutro","6500"
"2025-04-20 14:02","Mari","Walmart","Personal","Pasta Dientes","3600"
"2025-04-20 14:02","Mari","Walmart","Personal","Shampoo","6800"
"2025-04-20 14:02","Casa","Walmart","Bebidas","Cafe Volio","4450"
"2025-04-20 14:02","Casa","Walmart","Carnes","Tocineta","5480"
"2025-04-20 14:02","Casa","Walmart","Enlatados","Leche Condensada","1500"
"2025-04-20 14:02","Casa","Walmart","Enlatados","Leche Condensada","1010"
"2025-04-20 14:02","Casa","Walmart","Granos","Arroz","3480"
"2025-04-20 14:02","Casa","Walmart","Granos","Frijoles Rojos","3480"
"2025-04-20 14:02","Casa","Walmart","Lacteos","Mantequilla","1250"
"2025-04-20 14:02","Casa","Walmart","Lacteos","Queso Crema","1450"
"2025-04-20 14:02","Casa","Walmart","Lacteos","Queso Fresco","3000"
"2025-04-20 14:02","Casa","Walmart","Limpieza","Bolsas","1100"
"2025-04-20 14:02","Casa","Walmart","Limpieza","Bolsas","840"
"2025-04-20 14:02","Casa","Walmart","Limpieza","Bolsas","2430"
"2025-04-20 14:02","Casa","Walmart","Limpieza","Desengrasante","2480"
"2025-04-20 14:02","Casa","Walmart","Limpieza","Detergente","8250"
"2025-04-20 14:02","Casa","Walmart","Limpieza","Detergente","1090"
"2025-04-20 14:02","Casa","Walmart","Limpieza","Jabon Azul","2140"
"2025-04-20 14:02","Casa","Walmart","Limpieza","Suavizante","5980"
"2025-04-20 14:02","Casa","Walmart","Limpieza","Vanish","2500"
"2025-04-20 14:02","Casa","Walmart","Salsas","Teriyaki","980"
"2025-04-21 14:05","Casa","Pali","Bebidas","Cafe Volio","3920"
"2025-04-21 14:05","Casa","Pali","Enlatados","Atun Agua","2370"
"2025-04-21 14:05","Casa","Pali","Enlatados","Atun Vegetales","2010"
"2025-04-21 14:05","Casa","Pali","Harinas","Pan","2060"
"2025-04-21 14:05","Casa","Pali","Lacteos","Leche","660"
"2025-04-23 10:35","Casa","Bazar Magy","Limpieza","Controlador Olores","2600"
"2025-04-23 11:42","Casa","Pali","Bebidas","Te","1170"
"2025-04-23 11:42","Casa","Pali","Bebidas","Tropical","1100"
"2025-04-23 11:42","Casa","Pali","Bebidas","Tropical","1100"
"2025-04-23 11:42","Casa","Pali","Lacteos","Natilla","1300"
"2025-04-23 11:42","Casa","Pali","Limpieza","Cloro","490"
"2025-04-23 11:42","Casa","Pali","Limpieza","Desinfectante","3610"
"2025-04-23 11:42","Casa","Pali","Limpieza","Papel Higienico","5070"
"2025-04-23 11:42","Casa","Pali","Salsas","China","860"
"2025-04-23 11:42","Casa","Pali","Vegetales","Ajo","240"
"2025-04-23 11:42","Casa","Pali","Vegetales","Ayote","1345"
"2025-04-23 11:42","Casa","Pali","Vegetales","Lechuga","180"
"2025-04-23 11:42","Casa","Pali","Vegetales","Tiquisque","900"
"2025-04-23 11:42","Casa","Pali","Vegetales","Uvas","1750"
"2025-04-26 17:21","Casa","Pali","Carnes","Pollo Entero","4758"
"2025-04-26 17:21","Casa","Pali","Vegetales","Papas","2680"
"2025-05-01 10:21","Casa","Pali","Bebidas","Jugo Naranja","1410"
"2025-05-01 10:21","Casa","Pali","Dulces","Gelatina","2160"
"2025-05-01 10:21","Casa","Pali","Harinas","Tortilla Maiz","900"
"2025-05-01 10:21","Casa","Pali","Harinas","Tortilla Trigo","900"
"2025-05-01 10:21","Casa","Pali","Limpieza","Vanish","2740"
"2025-05-01 10:21","Casa","Pali","Vegetales","Limones","2520"
"2025-05-02 10:21","Casa","Pali","Carnes","Carne Desmechar","3066"
"2025-05-02 10:21","Casa","Pali","Carnes","Pollo Entero","3893"
"2025-05-02 10:21","Casa","Pali","Enlatados","Atun Agua","1410"
"2025-05-02 10:21","Casa","Pali","Enlatados","Atun Vegetales","3160"
"2025-05-02 10:21","Casa","Pali","Lacteos","Yogurt","1350"
"2025-05-02 10:21","Casa","Pali","Vegetales","Ajo","320"
"2025-05-02 16:11","Casa","Pali","Dulces","Helados","2400"
"2025-05-02 16:11","Casa","Pali","Lacteos","Natilla","3000"
"2025-05-02 16:11","Casa","Pali","Lacteos","Queso Fresco","1400"
"2025-05-05 16:45","Casa","Pali","Bebidas","Cafe Volio","4500"
"2025-05-05 16:45","Casa","Pali","Bebidas","Imperial","5000"
"2025-05-05 16:45","Casa","Pali","Carnes","Huevos","1556"
"2025-05-05 16:45","Casa","Pali","Dulces","Gelatina","320"
"2025-05-05 16:45","Casa","Pali","Dulces","Gelatina","270"
"2025-05-05 16:45","Casa","Pali","Dulces","Gelatina","720"
"2025-05-05 16:45","Casa","Pali","Dulces","Gelatina","320"
"2025-05-05 16:45","Casa","Pali","Dulces","Gelatina","260"
"2025-05-05 16:45","Casa","Pali","Harinas","Galletas Dulces","1960"
"2025-05-05 16:45","Casa","Pali","Lacteos","Leche","680"
"2025-05-05 16:45","Casa","Pali","Limpieza","Jabon Lavaplatos","990"
"2025-05-05 16:45","Casa","Pali","Vegetales","Ayote","912"
"2025-05-05 16:45","Casa","Pali","Vegetales","Camote","1246"
"2025-05-05 16:45","Casa","Pali","Vegetales","Tomate","528"
"2025-05-08 17:38","Casa","Pali","Harinas","Pan","1320"
"2025-05-08 17:38","Casa","Pali","Limpieza","Papel Higienico","3270"
"2025-05-13 18:55","Mari","Pali","Personal","Toallas Humedas","2020"
"2025-05-13 18:55","Casa","Pali","Carnes","Carne Molida","1950"
"2025-05-13 18:55","Casa","Pali","Carnes","Huevos","3110"
"2025-05-13 18:55","Casa","Pali","Carnes","Salchichas","2200"
"2025-05-13 18:55","Casa","Pali","Dulces","Helados","3090"
"2025-05-13 18:55","Casa","Pali","Granos","Garbanzos","490"
"2025-05-13 18:55","Casa","Pali","Lacteos","Leche","680"
"2025-05-13 18:55","Casa","Pali","Lacteos","Natilla","3120"
"2025-05-13 18:55","Casa","Pali","Lacteos","Queso Fresco","2020"
"2025-05-13 18:55","Casa","Pali","Lacteos","Queso Mozarella","2150"
"2025-05-13 18:55","Casa","Pali","Limpieza","Bolsas","1050"
"2025-05-13 18:55","Casa","Pali","Limpieza","Bolsas","1850"
"2025-05-13 18:55","Casa","Pali","Vegetales","Tomate","968"
"2025-05-13 18:55","Casa","Pali","Vegetales","Zanahoria","138"
"2025-05-17 09:48","Casa","Pali","Carnes","Costillas","6653"
"2025-05-17 09:48","Casa","Pali","Lacteos","Leche","740"
"2025-05-17 09:48","Casa","Pali","Limpieza","Bicarbonato","690"
"2025-05-17 09:48","Casa","Pali","Limpieza","Bicarbonato","1940"
"2025-05-17 09:48","Casa","Pali","Limpieza","Vanish","1170"
"2025-05-17 09:48","Casa","Pali","Salsas","Lizano","920"
"2025-05-17 09:48","Casa","Pali","Vegetales","Limones","1100"
"2025-05-19 17:49","Casa","Pali","Carnes","Costillas","5018"
"2025-05-19 17:49","Casa","Pali","Carnes","Huevos","1508"
"2025-05-19 17:49","Casa","Pali","Harinas","Galletas Dulces","1000"
"2025-05-19 17:49","Casa","Pali","Harinas","Galletas Dulces","1600"
"2025-05-19 17:49","Casa","Pali","Harinas","Galletas Sodas","1320"
"2025-05-19 17:49","Casa","Pali","Harinas","Pasta Lengua","1100"
"2025-05-19 17:49","Casa","Pali","Lacteos","Natilla","1580"
"2025-05-19 17:49","Casa","Pali","Limpieza","Bicarbonato","690"
"2025-05-19 17:49","Casa","Pali","Limpieza","Papel Higienico","7500"
"2025-05-19 17:49","Casa","Pali","Salsas","Congo","920"
"2025-05-19 17:49","Casa","Pali","Salsas","Naturas","660"
"2025-05-19 17:49","Casa","Pali","Salsas","Naturas","660"
"2025-05-19 17:49","Casa","Pali","Salsas","Naturas","440"
"2025-05-19 17:49","Casa","Pali","Vegetales","Ajo","160"
"2025-05-19 17:49","Casa","Pali","Vegetales","Apio","383"
"2025-05-19 17:49","Casa","Pali","Vegetales","Camote","514"
"2025-05-19 17:49","Casa","Pali","Vegetales","Culantro Coyote","180"
"2025-05-19 17:49","Casa","Pali","Vegetales","Tiquisque","1092"
"2025-05-19 17:49","Casa","Pali","Vegetales","Zanahoria","306"
"2025-05-20 08:15","Mari","Pali","Personal","Pasta Dientes","2020"
"2025-05-22 10:46","Casa","Pali","Bebidas","Cafe Volio","6320"
"2025-05-22 10:46","Casa","Pali","Vegetales","Cebolla","272"
"2025-05-22 10:46","Casa","Pali","Vegetales","Culantro","160"
"2025-05-22 13:41","Casa","Bazar Magy","Limpieza","Cloro","1200"
"2025-05-22 13:41","Casa","Bazar Magy","Limpieza","Controlador Olores","2600"
"2025-05-26 16:40","Casa","Pali","Dulces","Helados","1500"
"2025-05-26 16:40","Casa","Pali","Granos","Arroz","5370"
"2025-05-26 16:40","Casa","Pali","Granos","Arroz","980"
"2025-05-26 16:40","Casa","Pali","Granos","Azucar","1880"
"2025-05-26 16:40","Casa","Pali","Harinas","Galletas Dulces","2210"
"2025-05-26 16:40","Casa","Pali","Harinas","Galletas Dulces","1000"
"2025-05-26 16:40","Casa","Pali","Harinas","Galletas Sodas","1320"
"2025-05-26 16:40","Casa","Pali","Lacteos","Leche","680"
"2025-05-26 16:40","Casa","Pali","Lacteos","Natilla","3200"
"2025-05-27 10:46","Casa","Pali","Carnes","Carne Molida","2550"
"2025-05-27 10:46","Casa","Pali","Carnes","Huevos","1547"
"2025-05-27 10:46","Casa","Pali","Enlatados","Maiz Dulce","1080"
"2025-05-27 10:46","Casa","Pali","Enlatados","Petit Pois","1080"
"2025-05-27 10:46","Casa","Pali","Harinas","Galletas Sodas","1350"
"2025-05-28 14:32","Casa","Pali","Lacteos","Leche","680"
"2025-05-28 14:32","Casa","Pali","Salsas","Lizano","940"
"2025-05-28 14:32","Casa","Pali","Salsas","Rosada","1100"
"2025-05-28 14:32","Casa","Pali","Vegetales","Papas Congeladas","1160"
"2025-06-01 10:17","Casa","Pali","Carnes","Huevos","3247"
"2025-06-01 17:27","Casa","Pali","Carnes","Costillas","6846"
"2025-06-05 09:24","Casa","Pali","Enlatados","Atun Agua","3160"
"2025-06-05 09:24","Casa","Pali","Enlatados","Atun Vegetales","2680"
"2025-06-05 09:24","Casa","Pali","Harinas","Maizena","1120"
"2025-06-05 09:24","Casa","Pali","Harinas","Maizena","890"
"2025-06-05 09:24","Casa","Pali","Lacteos","Leche","680"
"2025-06-05 09:24","Casa","Pali","Lacteos","Natilla","1360"
"2025-06-05 09:24","Casa","Pali","Limpieza","Baygon","2990"
"2025-06-05 09:24","Casa","Pali","Limpieza","Jabon Lavaplatos","1020"
"2025-06-05 09:24","Casa","Pali","Limpieza","Jabon Ropa","1490"
"2025-06-05 09:24","Casa","Pali","Limpieza","Papel Higienico","2500"
"2025-06-05 09:24","Casa","Pali","Limpieza","Vanish","1140"
"2025-06-05 09:24","Casa","Pali","Vegetales","Fresas","1300"
"2025-06-06 10:11","Andres","Pali","Personal","Pasta Dientes","1100"
"2025-06-06 10:11","Casa","Pali","Dulces","Helados","3300"
"2025-06-13 11:20","Casa","Pali","Bebidas","Tropical","1150"
"2025-06-13 11:20","Casa","Pali","Bebidas","Tropical","1100"
"2025-06-13 11:20","Casa","Pali","Granos","Frijoles Molidos","800"
"2025-06-13 11:20","Casa","Pali","Granos","Frijoles Molidos","630"
"2025-06-13 11:20","Casa","Pali","Lacteos","Queso Mozarella","3100"
"2025-06-13 11:20","Casa","Pali","Vegetales","Limones","840"
"2025-06-13 11:20","Casa","Pali","Vegetales","Tomate","417"
"2025-06-15 13:40","Andres","Maxi","Personal","Jabon Cuerpo","4090"
"2025-06-15 13:40","Andres","Maxi","Personal","Jabon Cuerpo","3320"
"2025-06-15 13:40","Mari","Maxi","Personal","Acondicionador","2850"
"2025-06-15 13:40","Mari","Maxi","Personal","Jabon Neutro","4000"
"2025-06-15 13:40","Mari","Maxi","Personal","Pasta Dientes","2700"
"2025-06-15 13:40","Mari","Maxi","Personal","Protectores","4180"
"2025-06-15 13:40","Mari","Maxi","Personal","Shampoo","2990"
"2025-06-15 13:40","Casa","Maxi","Bebidas","Cafe Volio","7440"
"2025-06-15 13:40","Casa","Maxi","Bebidas","Te","1070"
"2025-06-15 13:40","Casa","Maxi","Bebidas","Te","1340"
"2025-06-15 13:40","Casa","Maxi","Carnes","Muslitos Pollo","1750"
"2025-06-15 13:40","Casa","Maxi","Carnes","Salchichas","2920"
"2025-06-15 13:40","Casa","Maxi","Enlatados","Atun Agua","2280"
"2025-06-15 13:40","Casa","Maxi","Enlatados","Atun Vegetales","1950"
"2025-06-15 13:40","Casa","Maxi","Enlatados","Maiz Dulce","880"
"2025-06-15 13:40","Casa","Maxi","Enlatados","Petit Pois","900"
"2025-06-15 13:40","Casa","Maxi","Granos","Arroz","3480"
"2025-06-15 13:40","Casa","Maxi","Granos","Frijoles Molidos","1660"
"2025-06-15 13:40","Casa","Maxi","Granos","Frijoles Rojos","5100"
"2025-06-15 13:40","Casa","Maxi","Granos","Friojles Blancos","590"
"2025-06-15 13:40","Casa","Maxi","Granos","Garbanzos","790"
"2025-06-15 13:40","Casa","Maxi","Harinas","Caracolitos","550"
"2025-06-15 13:40","Casa","Maxi","Harinas","Galletas Dulces","2080"
"2025-06-15 13:40","Casa","Maxi","Harinas","Galletas Dulces","2300"
"2025-06-15 13:40","Casa","Maxi","Harinas","Galletas Sodas","1350"
"2025-06-15 13:40","Casa","Maxi","Harinas","Pan","1360"
"2025-06-15 13:40","Casa","Maxi","Harinas","Pasta Lengua","590"
"2025-06-15 13:40","Casa","Maxi","Harinas","Spaguetti","810"
"2025-06-15 13:40","Casa","Maxi","Harinas","Tortilla Maiz","830"
"2025-06-15 13:40","Casa","Maxi","Harinas","Tortilla Trigo","790"
"2025-06-15 13:40","Casa","Maxi","Lacteos","Mantequilla","1330"
"2025-06-15 13:40","Casa","Maxi","Lacteos","Natilla","1100"
"2025-06-15 13:40","Casa","Maxi","Lacteos","Queso Crema","2680"
"2025-06-15 13:40","Casa","Maxi","Lacteos","Queso Mozarella","1400"
"2025-06-15 13:40","Casa","Maxi","Lacteos","Yogurt","1080"
"2025-06-15 13:40","Casa","Maxi","Lacteos","Yogurt","3900"
"2025-06-15 13:40","Casa","Maxi","Limpieza","Alcohol","7980"
"2025-06-15 13:40","Casa","Maxi","Limpieza","Bicarbonato","5560"
"2025-06-15 13:40","Casa","Maxi","Limpieza","Bolsas","2520"
"2025-06-15 13:40","Casa","Maxi","Limpieza","Bolsas","960"
"2025-06-15 13:40","Casa","Maxi","Limpieza","Detergente","7970"
"2025-06-15 13:40","Casa","Maxi","Limpieza","Jabon Azul","3140"
"2025-06-15 13:40","Casa","Maxi","Limpieza","Jabon Lavaplatos","5560"
"2025-06-15 13:40","Casa","Maxi","Limpieza","Jabon Lavaplatos","2040"
"2025-06-15 13:40","Casa","Maxi","Limpieza","Suavizante","2100"
"2025-06-15 13:40","Casa","Maxi","Limpieza","Vanish","4180"
"2025-06-15 13:40","Casa","Maxi","Salsas","Ketchup","870"
"2025-06-15 13:40","Casa","Maxi","Salsas","Lizano","800"
"2025-06-15 13:40","Casa","Maxi","Salsas","Mayonesa","1310"
"2025-06-15 13:40","Casa","Maxi","Salsas","Naturas","1080"
"2025-06-15 13:40","Casa","Maxi","Salsas","Rosada","1150"
"2025-06-15 13:40","Casa","Maxi","Vegetales","Papas Congeladas","2360"
"2025-06-16 16:03","Casa","Pali","Bebidas","Bamboo","1450"
"2025-06-16 16:03","Casa","Pali","Bebidas","Imperial","5000"
"2025-06-16 16:03","Casa","Pali","Carnes","Huevos","1662"
"2025-06-16 16:03","Casa","Pali","Carnes","Tortas Pollo","2800"
"2025-06-16 16:03","Casa","Pali","Lacteos","Leche","680"
"2025-06-16 16:03","Casa","Pali","Vegetales","Tomate","1274"
"2025-06-16 17:42","Casa","Pali","Limpieza","Detergente","2380"
"2025-06-21 15:47","Casa","Bazar Magy","Limpieza","Cloro","2400"
"2025-06-21 16:19","Casa","Pali","Carnes","Huevos","1714"
"2025-06-21 16:19","Casa","Pali","Limpieza","Papel Higienico","1790"
"2025-06-21 16:19","Casa","Pali","Vegetales","Limones","880"
"2025-06-24 09:27","Casa","Pali","Lacteos","Leche","680"
"2025-06-24 09:27","Casa","Pali","Lacteos","Natilla","1330"
"2025-06-24 09:27","Casa","Pali","Lacteos","Queso Mozarella","2800"
"2025-06-24 09:27","Casa","Pali","Vegetales","Papas","1196"
"2025-06-24 13:51","Casa","Pali","Dulces","Helados","1950"
"2025-07-01 11:00","Casa","Pali","Bebidas","Cafe Volio","3700"
"2025-07-01 11:00","Casa","Pali","Carnes","Huevos","1714"
"2025-07-01 11:00","Casa","Pali","Carnes","Salchichas","2920"
"2025-07-01 11:00","Casa","Pali","Carnes","Tocineta","2100"
"2025-07-01 11:00","Casa","Pali","Harinas","Tortilla Trigo","2640"
"2025-07-01 11:00","Casa","Pali","Lacteos","Leche","680"
"2025-07-01 11:00","Casa","Pali","Lacteos","Mantequilla","1330"
"2025-07-01 11:00","Casa","Pali","Lacteos","Natilla","1330"
"2025-07-01 11:00","Casa","Pali","Salsas","China","680"
"2025-07-01 11:00","Casa","Pali","Salsas","Lizano","800"
"2025-07-01 11:00","Casa","Pali","Vegetales","Tomate","1274"
"2025-07-01 14:21","Casa","Pali","Limpieza","Papel Higienico","5000"
"2025-07-02 19:38","Casa","Pali","Carnes","Huevos","1532"
"2025-07-02 19:38","Casa","Pali","Harinas","Galletas Dulces","1290"
"2025-07-02 19:38","Casa","Pali","Harinas","Tortilla Maiz","830"
"2025-07-02 19:38","Casa","Pali","Harinas","Tortilla Trigo","690"
"2025-07-02 19:38","Casa","Pali","Lacteos","Leche","740"
"2025-07-02 19:38","Casa","Pali","Lacteos","Natilla","1400"
"2025-07-03 10:14","Casa","Bazar Magy","Limpieza","Cloro","1200"
"2025-07-03 10:14","Casa","Bazar Magy","Limpieza","Controlador Olores","2500"
"2025-07-05 19:53","Casa","Pali","Bebidas","Bamboo","1220"
"2025-07-05 19:53","Casa","Pali","Harinas","Tortilla Trigo","690"
"2025-07-12 09:06","Casa","Pali","Bebidas","Cafe Presto","1770"
"2025-07-12 09:06","Casa","Pali","Bebidas","Cafe Volio","8920"
"2025-07-12 09:06","Casa","Pali","Carnes","Huevos","1505"
"2025-07-12 09:06","Casa","Pali","Carnes","Jamon","2280"
"2025-07-12 09:06","Casa","Pali","Carnes","Tocineta","3200"
"2025-07-12 09:06","Casa","Pali","Granos","Frijoles Molidos","1000"
"2025-07-12 09:06","Casa","Pali","Lacteos","Leche","680"
"2025-07-12 09:06","Casa","Pali","Lacteos","Natilla","1580"
"2025-07-12 09:06","Casa","Pali","Lacteos","Queso Amarillo","1900"
"2025-07-12 09:06","Casa","Pali","Lacteos","Yogurt","1980"
"2025-07-12 09:06","Casa","Pali","Limpieza","Bolsas","840"
"2025-07-12 09:06","Casa","Pali","Salsas","Mayonesa","1740"
"2025-07-12 09:06","Casa","Pali","Salsas","Rosada","1700"
"2025-07-13 12:53","Andres","Pali","Personal","Jabon Cuerpo","1570"
"2025-07-13 12:53","Casa","Pali","Bebidas","Imperial","9650"
"2025-07-13 12:53","Casa","Pali","Bebidas","Smirnoff","2340"
"2025-07-13 12:53","Casa","Pali","Vegetales","Tomate","1570"
"2025-07-15 09:54","Casa","Pali","Lacteos","Natilla","1580"
"2025-07-15 09:54","Casa","Pali","Limpieza","Papel Higienico","6640"
"2025-07-15 12:10","Casa","Bazar Magy","Limpieza","Controlador Olores","2600"
"2025-07-15 12:10","Casa","Bazar Magy","Limpieza","Cloro","2400"
"2025-07-16 10:31","Casa","Pali","Bebidas","Jugo Naranja","2000"
"2025-07-16 10:31","Casa","Pali","Harinas","Pan","2030"
"2025-07-16 10:31","Casa","Pali","Lacteos","Leche","680"
"2025-07-17 17:06","Casa","Pali","Bebidas","Imperial","920"
"2025-07-17 17:06","Casa","Pali","Harinas","Panqueques","700"
"2025-07-17 17:06","Casa","Pali","Vegetales","Banano","100"
"2025-07-20 12:03","Casa","Pali","Bebidas","Cafe Volio","4460"
"2025-07-20 12:03","Casa","Pali","Carnes","Carne Molida","1600"
"2025-07-20 12:03","Casa","Pali","Carnes","Chuletas","3160"
"2025-07-20 12:03","Casa","Pali","Carnes","Huevos","1632"
"2025-07-20 12:03","Casa","Pali","Carnes","Salchichas","1160"
"2025-07-20 12:03","Casa","Pali","Carnes","Tortas Pollo","2500"
"2025-07-20 12:03","Casa","Pali","Carnes","Trocitos Cerdo","2764"
"2025-07-20 12:03","Casa","Pali","Enlatados","Atun Vegetales","1580"
"2025-07-20 12:03","Casa","Pali","Granos","Azucar","1820"
"2025-07-20 12:03","Casa","Pali","Granos","Frijoles Molidos","1220"
"2025-07-20 12:03","Casa","Pali","Harinas","Spaguetti","1770"
"2025-07-20 12:03","Casa","Pali","Lacteos","Natilla","3160"
"2025-07-20 12:03","Casa","Pali","Lacteos","Queso Mozarella","1600"
"2025-07-20 12:03","Casa","Pali","Lacteos","Yogurt","1850"
"2025-07-20 12:03","Casa","Pali","Limpieza","Baygon","3000"
"2025-07-20 12:03","Casa","Pali","Vegetales","Ajo","720"
"2025-07-20 12:03","Casa","Pali","Vegetales","Chile Dulce","680"
"2025-07-20 12:03","Casa","Pali","Vegetales","Culantro","260"
"2025-07-20 12:03","Casa","Pali","Vegetales","Culantro Coyote","190"
"2025-07-20 12:03","Casa","Pali","Vegetales","Limones","540"
"2025-07-20 12:03","Casa","Pali","Vegetales","Papas Congeladas","2100"
"2025-07-20 12:03","Casa","Pali","Vegetales","Zanahoria","390"
"2025-07-21 12:57","Casa","Pali","Bebidas","Bamboo","1220"
"2025-07-21 12:57","Casa","Pali","Bebidas","Jugo Naranja","2000"
"2025-07-24 14:03","Mari","Pali","Personal","Acondicionador","3200"
"2025-07-24 14:03","Casa","Pali","Harinas","Papas Congeladas","2250"
"2025-07-24 14:03","Casa","Pali","Harinas","Tortilla Trigo","690"
"2025-07-24 16:11","Casa","Bazar Magy","Limpieza","Jabon Lavaplatos","2600"
"2025-07-26 13:45","Casa","Pali","Bebidas","Gingerale","1960"
"2025-07-26 13:45","Casa","Pali","Vegetales","Limones","540"
"2025-07-30 10:18","Mari","Pali","Personal","Pasta Dientes","1500"
"2025-07-30 10:18","Casa","Pali","Carnes","Huevos","1484"
"2025-07-30 10:18","Casa","Pali","Carnes","Salchichon","2200"
"2025-07-30 10:18","Casa","Pali","Enlatados","Atun Aceite","7000"
"2025-07-30 10:18","Casa","Pali","Enlatados","Atun Vegetales","3000"
"2025-07-30 10:18","Casa","Pali","Harinas","Galletas Dulces","3000"
"2025-07-30 10:18","Casa","Pali","Harinas","Galletas Dulces","1370"
"2025-07-30 10:18","Casa","Pali","Harinas","Galletas Sodas","1350"
"2025-07-30 10:18","Casa","Pali","Harinas","Tortilla Trigo","690"
"2025-07-30 10:18","Casa","Pali","Lacteos","Mantequilla","1330"
"2025-07-30 10:18","Casa","Pali","Lacteos","Natilla","1570"
"2025-07-30 10:18","Casa","Pali","Lacteos","Queso Fresco","2000"
"2025-07-30 10:18","Casa","Pali","Limpieza","Detergente","2760"
"2025-07-30 10:18","Casa","Pali","Salsas","Congo","840"
"2025-07-30 10:18","Casa","Pali","Salsas","Naturas","1840"
"2025-07-30 10:18","Casa","Pali","Salsas","Soya","1140"
"2025-07-30 12:06","Casa","Pali","Bebidas","Jugo Naranja","2000"
"2025-07-30 12:06","Casa","Pali","Bebidas","Te","1400"
"2025-08-01 22:14","Casa","Bazar Magy","Limpieza","Desifenctante","2600"
"2025-08-02 11:12","Casa","Pali","Bebidas","Cafe Volio","4460"
"2025-08-02 11:12","Casa","Pali","Carnes","Chuletas","3480"
"2025-08-02 11:12","Casa","Pali","Granos","Arroz","3500"
"2025-08-02 11:12","Casa","Pali","Granos","Frijoles Molidos","1000"
"2025-08-02 11:12","Casa","Pali","Limpieza","Baygon","4000"
"2025-08-02 11:12","Casa","Pali","Limpieza","Baygon Liquido","3000"
"2025-08-02 11:12","Casa","Pali","Limpieza","Esponjas Cocina","740"
"2025-08-02 11:12","Casa","Pali","Limpieza","Papel Higienico","3320"
"2025-08-02 11:12","Casa","Pali","Limpieza","Toalla Cocina","1800"
"2025-08-02 11:12","Casa","Pali","Vegetales","Apio","187"
"2025-08-02 11:12","Casa","Pali","Vegetales","Culantro Coyote","190"
"2025-08-02 11:18","Casa","Pali","Carnes","Huevos","1476"
"2025-08-04 14:42","Casa","Pali","Bebidas","Imperial","920"
"2025-08-04 14:42","Casa","Pali","Dulces","Helados","3400"
"2025-08-04 14:42","Casa","Pali","Harinas","Galletas Dulces","1840"
"2025-08-04 14:42","Casa","Pali","Harinas","Galletas Dulces","1850"
"2025-08-04 14:42","Casa","Pali","Harinas","Papas Congeladas","2530"
"2025-08-04 14:42","Casa","Pali","Vegetales","Ayote","1078"
"2025-08-04 14:42","Casa","Pali","Vegetales","Papaya","267"
"2025-08-04 14:42","Casa","Pali","Vegetales","Sandia","757"
"2025-08-04 14:42","Casa","Pali","Vegetales","Tiquisque","2268"
"2025-08-04 14:42","Casa","Pali","Vegetales","Tomate","1290"
"2025-08-06 12:21","Casa","Pali","Harinas","Tortilla Maiz","830"
"2025-08-06 12:21","Casa","Pali","Harinas","Tortilla Trigo","1680"
"2025-08-06 12:21","Casa","Pali","Limpieza","Bicarbonato","1970"
"2025-08-06 12:21","Casa","Pali","Limpieza","Espumil","1740"
"2025-08-06 12:21","Casa","Pali","Limpieza","Jabon Azul","3390"
"2025-08-06 12:21","Casa","Pali","Limpieza","Jabon Ropa","5000"
"2025-08-06 12:21","Casa","Pali","Limpieza","Suavizante","2100"
"2025-08-06 13:24","Casa","Bazar Magy","Limpieza","Cloro","1200"
"2025-08-06 13:24","Casa","Bazar Magy","Limpieza","Desifenctante","1200"
"2025-08-09 11:39","Casa","Pali","Carnes","Huevos","3094"
"2025-08-09 11:39","Casa","Pali","Granos","Frijoles Molidos","1500"
"2025-08-09 11:39","Casa","Pali","Harinas","Masa","1210"
"2025-08-09 11:39","Casa","Pali","Lacteos","Crema Dulce","2540"
"2025-08-09 11:39","Casa","Pali","Lacteos","Leche","690"
"2025-08-09 11:39","Casa","Pali","Lacteos","Queso Mozarella","1280"
"2025-08-09 11:39","Casa","Pali","Limpieza","Bolsas","1680"
"2025-08-09 11:39","Casa","Pali","Vegetales","Camote","2484"
"2025-08-09 11:39","Casa","Pali","Vegetales","Chile Dulce","600"
"2025-08-09 11:39","Casa","Pali","Vegetales","Limones","480"
"2025-08-09 11:39","Casa","Pali","Vegetales","Papas","1159"
"2025-08-09 11:39","Casa","Pali","Vegetales","Vainicas","630"
"2025-08-09 11:39","Casa","Pali","Vegetales","Zanahoria","350"
"2025-08-11 11:24","Casa","Pali","Bebidas","Jugo Naranja","1750"
"2025-08-11 11:24","Casa","Pali","Bebidas","Tropical","1100"
"2025-08-13 17:13","Casa","Bazar Magy","Limpieza","Controlador Olores","2600"
"2025-08-13 19:32","Casa","Pali","Bebidas","Bamboo","1220"
"2025-08-13 19:32","Casa","Pali","Bebidas","Gingerale","1960"
"2025-08-13 19:32","Casa","Pali","Carnes","Muslitos Pollo","1050"
"2025-08-13 19:32","Casa","Pali","Carnes","Tilapia","2200"
"2025-08-13 19:32","Casa","Pali","Limpieza","Bolsas","720"
"2025-08-16 14:03","Andres","Pali","Personal","Jabon Cuerpo","3060"
"2025-08-16 14:03","Casa","Pali","Carnes","Huevos","1515"
"2025-08-16 14:03","Casa","Pali","Lacteos","Mantequilla","1200"
"2025-08-16 14:03","Casa","Pali","Limpieza","Jabon Lavaplatos","1000"
"2025-08-16 14:03","Casa","Pali","Limpieza","Papel Higienico","2500"
"2025-08-16 14:03","Casa","Pali","Limpieza","Papel Higienico","3320"
"2025-08-18 17:20","Casa","Pali","Carnes","Carne Desmechar","4488"
"2025-08-18 17:20","Casa","Pali","Carnes","Pechuga Pollo","3053"
"2025-08-18 17:20","Casa","Pali","Carnes","Salchichas","1240"
"2025-08-18 17:20","Casa","Pali","Enlatados","Leche Condensada","1960"
"2025-08-18 17:20","Casa","Pali","Harinas","Tortilla Trigo","2070"
"2025-08-18 17:20","Casa","Pali","Lacteos","Leche","690"
"2025-08-18 17:20","Casa","Pali","Lacteos","Queso Fresco","2000"
"2025-08-18 17:20","Casa","Pali","Limpieza","Baygon Liquido","3000"
"2025-08-18 17:20","Casa","Pali","Vegetales","Apio","417"
"2025-08-18 17:20","Casa","Pali","Vegetales","Tomate","1327"
"2025-08-20 19:29","Casa","Pali","Carnes","Tacos","2800"
"2025-08-20 19:29","Casa","Pali","Harinas","Pan","1250"
"2025-08-20 19:29","Casa","Pali","Salsas","Lizano","2140"
"2025-08-20 19:29","Casa","Pali","Vegetales","Repollo","515"
"2025-08-22 19:58","Casa","Pali","Bebidas","Bamboo","1220"
"2025-08-22 19:58","Casa","Pali","Carnes","Carne Molida","3600"
"2025-08-22 19:58","Casa","Pali","Carnes","Huevos","2981"
"2025-08-22 19:58","Casa","Pali","Harinas","Pan","2030"
"2025-08-22 19:58","Casa","Pali","Harinas","Panqueques","840"
"2025-08-22 19:58","Casa","Pali","Lacteos","Leche","690"
"2025-08-23 19:35","Casa","Pali","Bebidas","Imperial","4700"
"2025-08-23 19:35","Casa","Pali","Carnes","Tacos","2970"
"2025-08-25 12:25","Casa","Pali","Bebidas","Cafe Volio","8400"
"2025-08-25 12:25","Casa","Pali","Bebidas","Jugo Naranja","1670"
"2025-08-25 12:25","Casa","Pali","Bebidas","Smirnoff","2000"
"2025-08-25 12:25","Casa","Pali","Dulces","Helados","3500"
"2025-08-25 12:25","Casa","Pali","Enlatados","Atun Aceite","4000"
"2025-08-25 12:25","Casa","Pali","Granos","Frijoles Molidos","1000"
"2025-08-25 12:25","Casa","Pali","Harinas","Galletas Dulces","870"
"2025-08-25 12:25","Casa","Pali","Harinas","Galletas Dulces","980"
"2025-08-25 12:25","Casa","Pali","Harinas","Galletas Dulces","1370"
"2025-08-25 12:25","Casa","Pali","Harinas","Galletas Sodas","1270"
"2025-08-25 12:25","Casa","Pali","Harinas","Galletas Sodas","1200"
"2025-08-25 12:25","Casa","Pali","Lacteos","Queso Fresco","2000"
"2025-08-25 12:25","Casa","Pali","Lacteos","Queso Mozarella","1520"
"2025-08-25 12:25","Casa","Pali","Lacteos","Yogurt","2800"
"2025-08-26 11:10","Casa","Pali","Carnes","Huevos","2924"
"2025-08-26 11:10","Casa","Pali","Vegetales","Chile Dulce","800"
"2025-08-26 11:10","Casa","Pali","Vegetales","Culantro","170"
"2025-08-26 11:10","Casa","Pali","Vegetales","Papas Congeladas","960"
"2025-08-26 12:36","Casa","Bazar Magy","Limpieza","Cloro","2400"
"2025-08-29 15:44","Casa","Pali","Carnes","Salchichas","1800"
"2025-08-29 15:44","Casa","Pali","Lacteos","Leche","690"
"2025-08-29 15:49","Casa","Pali","Enlatados","Leche Condensada","2400"
"2025-08-29 15:49","Casa","Pali","Vegetales","Apio","842"
"2025-08-29 15:49","Casa","Pali","Vegetales","Culantro","160"
"2025-08-29 15:49","Casa","Pali","Vegetales","Pina","1740"
"2025-08-29 15:49","Casa","Pali","Vegetales","Tomate","1690"
"2025-08-30 19:01","Casa","Pali","Carnes","Huevos","3410"
"2025-08-30 19:01","Casa","Pali","Lacteos","Queso Mozarella","1570"
"2025-09-01 11:30","Andres","Maxi","Personal","Cepillos dientes","540"
"2025-09-01 11:30","Andres","Maxi","Personal","Enjuage Bucal","3780"
"2025-09-01 11:30","Andres","Maxi","Personal","Jabon Cuerpo","1325"
"2025-09-01 11:30","Mari","Maxi","Personal","Acondicionador","3530"
"2025-09-01 11:30","Mari","Maxi","Personal","Jabon Neutro","4700"
"2025-09-01 11:30","Mari","Maxi","Personal","Pasta Dientes","3080"
"2025-09-01 11:30","Mari","Maxi","Personal","Toallas Humedas","4500"
"2025-09-01 11:30","Casa","Maxi","Bebidas","Cafe Volio","4460"
"2025-09-01 11:30","Casa","Maxi","Bebidas","Gingerale","2610"
"2025-09-01 11:30","Casa","Maxi","Bebidas","Te","1210"
"2025-09-01 11:30","Casa","Maxi","Carnes","Chorizo Precocido","1500"
"2025-09-01 11:30","Casa","Maxi","Carnes","Chorizo Precocido","2800"
"2025-09-01 11:30","Casa","Maxi","Carnes","Muslitos Pollo","3520"
"2025-09-01 11:30","Casa","Maxi","Carnes","Pechuga Pollo","3520"
"2025-09-01 11:30","Casa","Maxi","Carnes","Tocineta","3600"
"2025-09-01 11:30","Casa","Maxi","Enlatados","Atun Aceite","5940"
"2025-09-01 11:30","Casa","Maxi","Enlatados","Hongos","1380"
"2025-09-01 11:30","Casa","Maxi","Enlatados","Maiz Dulce","1020"
"2025-09-01 11:30","Casa","Maxi","Enlatados","Pasta Tomate","1590"
"2025-09-01 11:30","Casa","Maxi","Enlatados","Pasta Tomate","1820"
"2025-09-01 11:30","Casa","Maxi","Enlatados","Petit Pois","1260"
"2025-09-01 11:30","Casa","Maxi","Granos","Arroz","7040"
"2025-09-01 11:30","Casa","Maxi","Granos","Azucar","1820"
"2025-09-01 11:30","Casa","Maxi","Granos","Frijoles Rojos","2700"
"2025-09-01 11:30","Casa","Maxi","Harinas","Caracolitos","670"
"2025-09-01 11:30","Casa","Maxi","Harinas","Galletas Dulces","1190"
"2025-09-01 11:30","Casa","Maxi","Harinas","Galletas Dulces","950"
"2025-09-01 11:30","Casa","Maxi","Harinas","Galletas Dulces","1100"
"2025-09-01 11:30","Casa","Maxi","Harinas","Pasta Lengua","1000"
"2025-09-01 11:30","Casa","Maxi","Lacteos","Crema Dulce","2780"
"2025-09-01 11:30","Casa","Maxi","Lacteos","Mantequilla","1330"
"2025-09-01 11:30","Casa","Maxi","Lacteos","Natilla","2480"
"2025-09-01 11:30","Casa","Maxi","Lacteos","Queso Crema","1390"
"2025-09-01 11:30","Casa","Maxi","Lacteos","Queso Fresco","3230"
"2025-09-01 11:30","Casa","Maxi","Lacteos","Queso Mozarella","1640"
"2025-09-01 11:30","Casa","Maxi","Lacteos","Yogurt","2680"
"2025-09-01 11:30","Casa","Maxi","Limpieza","Alcohol","4820"
"2025-09-01 11:30","Casa","Maxi","Limpieza","Baygon","1320"
"2025-09-01 11:30","Casa","Maxi","Limpieza","Desengrasante","2970"
"2025-09-01 11:30","Casa","Maxi","Limpieza","Detergente","6000"
"2025-09-01 11:30","Casa","Maxi","Limpieza","Esponjas Cocina","1230"
"2025-09-01 11:30","Casa","Maxi","Limpieza","Espumil","1680"
"2025-09-01 11:30","Casa","Maxi","Limpieza","Jabon Azul","3210"
"2025-09-01 11:30","Casa","Maxi","Limpieza","Jabon Lavaplatos","1000"
"2025-09-01 11:30","Casa","Maxi","Limpieza","Jabon Liquido","1400"
"2025-09-01 11:30","Casa","Maxi","Limpieza","Jabon Liquido","800"
"2025-09-01 11:30","Casa","Maxi","Limpieza","Jabon Ropa","6350"
"2025-09-01 11:30","Casa","Maxi","Limpieza","Jabon Ropa","2640"
"2025-09-01 11:30","Casa","Maxi","Limpieza","Suavizante","2150"
"2025-09-01 11:30","Casa","Maxi","Limpieza","Vanish","1000"
"2025-09-01 11:30","Casa","Maxi","Salsas","Naturas","4000"
"2025-09-01 11:30","Casa","Maxi","Vegetales","Arandanos","3100"
"2025-09-03 16:30","Andres","Pali","Personal","Desodorante","5260"
"2025-09-03 16:30","Casa","Pali","Bebidas","Gingerale","1600"
"2025-09-03 16:30","Casa","Pali","Bebidas","Jugo Naranja","1670"
"2025-09-03 16:30","Casa","Pali","Bebidas","Te","1440"
"2025-09-03 16:30","Casa","Pali","Harinas","Harina","860"
"2025-09-03 16:30","Casa","Pali","Lacteos","Leche","1380"
"2025-09-03 16:30","Casa","Pali","Limpieza","Papel Higienico","6960"
"2025-09-03 16:30","Casa","Pali","Vegetales","Papas","1830"
"2025-09-05 17:59","Casa","Pali","Bebidas","Smirnoff","2200"
"2025-09-05 17:59","Casa","Pali","Carnes","Huevos","2960"
"2025-09-10 10:59","Casa","Pali","Bebidas","Cafe Volio","9800"
"2025-09-10 10:59","Casa","Pali","Carnes","Bistec","3075"
"2025-09-10 10:59","Casa","Pali","Carnes","Carne Molida","3700"
"2025-09-10 10:59","Casa","Pali","Vegetales","Ajo","480"
"2025-09-10 10:59","Casa","Pali","Vegetales","Ayote","2156"
"2025-09-10 10:59","Casa","Pali","Vegetales","Limones","480"
"2025-09-10 10:59","Casa","Pali","Vegetales","Papas","805"
"2025-09-10 10:59","Casa","Pali","Vegetales","Tiquisque","1501"
"2025-09-10 10:59","Casa","Pali","Vegetales","Zanahoria","350"
"2025-09-16 11:07","Casa","Bazar Magy","Limpieza","Controlador Olores","2600"
"2025-09-16 11:07","Casa","Bazar Magy","Limpieza","Desinfectante","1200"
"2025-09-16 19:39","Casa","Pali","Bebidas","Cafe Presto","1810"
"2025-09-16 19:39","Casa","Pali","Carnes","Salchichas","1150"
"2025-09-16 19:39","Casa","Pali","Harinas","Tortilla Trigo","1380"
"2025-09-16 19:39","Casa","Pali","Harinas","Tortillas Maiz","830"
"2025-09-16 19:39","Casa","Pali","Lacteos","Natilla","2640"
"2025-09-16 19:39","Casa","Pali","Lacteos","Queso Crema","2000"
"2025-09-16 19:39","Casa","Pali","Limpieza","Baygon Liquido","3630"
"2025-09-16 19:39","Casa","Pali","Limpieza","Papel Higienico","2150"
"2025-09-16 19:39","Casa","Pali","Vegetales","Guayaba","710"
"2025-09-16 19:39","Casa","Pali","Vegetales","Papas Congeladas","2530"
"2025-09-16 19:39","Casa","Pali","Vegetales","Papaya","281"
"2025-09-16 19:39","Casa","Pali","Vegetales","Sandia","1014"
"2025-09-17 09:36","Casa","Pali","Carnes","Huevos","1437"
"2025-09-17 17:10","Casa","Pali","Carnes","Pechuga Pollo","3162"
"2025-09-17 17:10","Casa","Pali","Vegetales","Culantro","150"
"2025-09-17 17:10","Casa","Pali","Vegetales","Lechuga","180"
"2025-09-22 18:31","Casa","Pali","Bebidas","Te","600"
"2025-09-22 18:31","Casa","Pali","Carnes","Huevos","1430"
"2025-09-22 18:31","Casa","Pali","Harinas","Tortillas Maiz","830"
"2025-09-22 18:31","Casa","Pali","Lacteos","Leche","670"
"2025-09-22 18:31","Casa","Pali","Lacteos","Queso Fresco","1670"
"2025-09-24 19:25","Casa","Pali","Bebidas","Jugo Naranja","1670"
"2025-09-24 19:25","Casa","Pali","Lacteos","Mantequilla","1330"
"2025-09-24 19:25","Casa","Pali","Salsas","Ketchup","870"
"2025-09-24 19:25","Casa","Pali","Salsas","Lizano","2140"
"2025-09-24 19:25","Casa","Pali","Salsas","Mayonesa","1740"
"2025-09-24 19:25","Casa","Pali","Salsas","Rosada","1150"
"2025-09-24 19:25","Casa","Pali","Vegetales","Coliflor","1250"
"2025-09-24 19:25","Casa","Pali","Vegetales","Limones","460"
"2025-09-24 19:25","Casa","Pali","Vegetales","Manga","2669"
"2025-09-24 19:25","Casa","Pali","Vegetales","Manzana","800"
"2025-09-24 19:25","Casa","Pali","Vegetales","Sandia","1193"
"2025-09-26 17:46","Casa","Pali","Bebidas","Imperial","4700"
"2025-09-26 17:46","Casa","Pali","Bebidas","Smirnoff","1160"
"2025-09-26 17:46","Casa","Pali","Lacteos","Queso Rayado","1500"
"2025-09-26 17:46","Casa","Pali","Vegetales","Limones","440"
"2025-09-28 14:41","Casa","Pali","Bebidas","Cafe Volio","4750"
"2025-09-28 14:41","Casa","Pali","Carnes","Huevos","6086"
"2025-09-28 14:41","Casa","Pali","Carnes","Sopa","2533"
"2025-09-28 14:41","Casa","Pali","Granos","Arroz","1100"
"2025-09-28 14:41","Casa","Pali","Harinas","Galletas Bokitas","2070"
"2025-09-28 14:41","Casa","Pali","Harinas","Galletas Soda","1520"
"2025-09-28 14:41","Casa","Pali","Harinas","Harina","860"
"2025-09-28 14:41","Casa","Pali","Harinas","Masa","1210"
"2025-09-28 14:41","Casa","Pali","Harinas","Tortillas Maiz","830"
"2025-09-28 14:41","Casa","Pali","Lacteos","Crema Dulce","2400"
"2025-09-28 14:41","Casa","Pali","Lacteos","Leche","670"
"2025-09-28 14:41","Casa","Pali","Lacteos","Leche Evaporada","1020"
"2025-09-28 14:41","Casa","Pali","Lacteos","Natilla","2440"
"2025-09-28 14:41","Casa","Pali","Lacteos","Queso Fresco","3580"
"2025-09-28 14:41","Casa","Pali","Lacteos","Queso Rayado","3000"
"2025-09-28 14:41","Casa","Pali","Limpieza","Papel Higienico","3440"
"2025-09-28 14:41","Casa","Pali","Limpieza","Servilletas","560"
"2025-09-28 14:41","Casa","Pali","Limpieza","Toallas Cocina","880"
"2025-09-28 14:41","Casa","Pali","Vegetales","Chile Dulce","390"
"2025-09-28 14:41","Casa","Pali","Vegetales","Culantro","190"
"2025-09-28 14:41","Casa","Pali","Vegetales","Elote","490"
"2025-10-02 15:42","Casa","Pali","Harinas","Cereales","1000"
"2025-10-02 15:42","Casa","Pali","Harinas","Galletas Dulces","1430"
"2025-10-02 15:42","Casa","Pali","Harinas","Galletas Dulces","1310"
"2025-10-02 15:42","Casa","Pali","Lacteos","Leche","670"
"2025-10-04 09:36","Andres","Pali","Personal","Jabon Neutro","2400"
"2025-10-04 09:36","Mari","Pali","Personal","Toallas Humedas","1090"
"2025-10-04 09:36","Casa","Pali","Bebidas","Jugo Naranja","1670"
"2025-10-04 09:36","Casa","Pali","Carnes","Pechuga Pollo","3867"
"2025-10-04 09:36","Casa","Pali","Carnes","Salchichas","1280"
"2025-10-04 09:36","Casa","Pali","Carnes","Tilapia","2180"
"2025-10-04 09:36","Casa","Pali","Carnes","Tortas Pollo","3100"
"2025-10-04 09:36","Casa","Pali","Harinas","Vitamaiz","1870"
"2025-10-04 09:36","Casa","Pali","Lacteos","Leche","1340"
"2025-10-04 09:36","Casa","Pali","Lacteos","Queso Fresco","3340"
"2025-10-04 09:36","Casa","Pali","Limpieza","Desengrasante","1980"
"2025-10-04 09:36","Casa","Pali","Limpieza","Esponjas Cocina","370"
"2025-10-04 09:36","Casa","Pali","Limpieza","Jabon Lavaplatos","2000"
"2025-10-04 09:36","Casa","Pali","Limpieza","Papel Higienico","3440"
"2025-10-04 09:36","Casa","Pali","Vegetales","Papa","1063"
"2025-10-04 09:36","Casa","Pali","Vegetales","Tomate","780"
"2025-10-06 10:45","Casa","Pali","Lacteos","Margarina","710"
"2025-10-06 10:45","Casa","Pali","Granos","Azucar","1200"
"2025-10-06 10:45","Casa","Pali","Lacteos","Queso Fresco","2000"
"2025-10-06 10:45","Casa","Pali","Carnes","Palitos Pollo","1150"
"2025-10-06 10:45","Casa","Pali","Vegetales","Manga","2537"
"2025-10-06 10:45","Casa","Pali","Lacteos","Margarina","710"
"2025-10-06 10:45","Casa","Pali","Lacteos","Margarina","710"
"2025-10-06 10:45","Casa","Pali","Lacteos","Leche Condensada","2000"
"2025-10-11 10:07","Casa","Pali","Carnes","Chorizo Pollo","1715"
"2025-10-11 10:07","Casa","Pali","Harinas","Galletas","1830"
"2025-10-11 10:07","Casa","Pali","Vegetales","Ajo","460"
"2025-10-11 10:07","Casa","Pali","Carnes","Huevos","1576"
"2025-10-11 10:07","Casa","Pali","Limpieza","Toallas Cocina","880"
"2025-10-12 10:57","Casa","Bazar Magy","Limpieza","Cloro","2400"
"2025-10-12 10:57","Casa","Bazar Magy","Limpieza","Desinfectante","2400"
"2025-10-12 10:57","Casa","Bazar Magy","Limpieza","Controlador Olores","2500"
"2025-10-12 15:21","Casa","Pali","Harinas","Empanaditas","2050"
"2025-10-12 15:21","Casa","Pali","Dulces","Helados","3500"
"2025-10-12 15:21","Casa","Pali","Limpieza","Desinfectante","1300"
"2025-10-12 15:21","Casa","Pali","Harinas","Galletas","5900"
"2025-10-12 15:21","Casa","Pali","Harinas","Tortilla Maiz","830"
"2025-10-12 15:21","Casa","Pali","Harinas","Tortilla Trigo","1840"
"2025-10-12 15:21","Casa","Pali","Enlatados","Atun Agua","4020"
"2025-10-12 15:21","Casa","Pali","Enlatados","Atun Vegetales","1640"
"2025-10-15 09:47","Casa","Bazar Magy","Limpieza","Desinfectante","3000"
"2025-10-15 09:47","Casa","Bazar Magy","Limpieza","Cloro","2000"
"2025-10-17 12:45","Casa","Pali","Limpieza","Servilletas","260"
"2025-10-17 12:45","Casa","Pali","Harinas","Pan Salchichas","1360"
"2025-10-17 12:45","Casa","Pali","Carnes","Carne Molida","1790"
"2025-10-17 12:45","Casa","Pali","Carnes","Carnes Mechar","3403"
"2025-10-17 12:45","Casa","Pali","Lacteos","Leche","690"
"2025-10-17 12:45","Casa","Pali","Lacteos","Queso Fresco","2000"
"2025-10-17 12:45","Casa","Pali","Lacteos","Queso Amarillo","1530"
"2025-10-17 12:45","Casa","Pali","Carnes","Salchichas","1230"
"2025-10-17 12:45","Casa","Pali","Granos","Arroz","1600"